no,name,apt_id,lon,lat,dist,url
3347,초원유치원,1165010201,127.0485906,37.47597862,711.721412,http://e-childschoolinfo.mest.go.kr/presch/preschSumry.do?pPresch=B100000848
3740,양재천사유치원,1165010202,127.0311724,37.47435143,103.7739574,
3791,석문유치원,1165010849,127.0183925,37.49200276,982.1549441,http://e-childschoolinfo.mest.go.kr/presch/preschSumry.do?pPresch=B100000819
3823,양재천사유치원,1165010203,127.0311724,37.47435143,420.7532054,
3824,석문유치원,1165010805,127.0183925,37.49200276,931.0844553,http://e-childschoolinfo.mest.go.kr/presch/preschSumry.do?pPresch=B100000819
3840,석문유치원,1165010803,127.0183925,37.49200276,894.5358649,http://e-childschoolinfo.mest.go.kr/presch/preschSumry.do?pPresch=B100000819
3871,석문유치원,1165010816,127.0183925,37.49200276,865.3303467,http://e-childschoolinfo.mest.go.kr/presch/preschSumry.do?pPresch=B100000819
3872,양재천사유치원,1165010302,127.0311724,37.47435143,374.303485,
3925,석문유치원,1165010845,127.0183925,37.49200276,791.4741938,http://e-childschoolinfo.mest.go.kr/presch/preschSumry.do?pPresch=B100000819
3963,석문유치원,1165010843,127.0183925,37.49200276,708.048901,http://e-childschoolinfo.mest.go.kr/presch/preschSumry.do?pPresch=B100000819
3972,석문유치원,1165010813,127.0183925,37.49200276,744.4247647,http://e-childschoolinfo.mest.go.kr/presch/preschSumry.do?pPresch=B100000819
3973,석문유치원,1165010815,127.0183925,37.49200276,716.7807577,http://e-childschoolinfo.mest.go.kr/presch/preschSumry.do?pPresch=B100000819
3976,양재천사유치원,1165010313,127.0311724,37.47435143,569.9550846,
4008,석문유치원,1165010809,127.0183925,37.49200276,607.1827385,http://e-childschoolinfo.mest.go.kr/presch/preschSumry.do?pPresch=B100000819
4009,석문유치원,1165010804,127.0183925,37.49200276,851.4377006,http://e-childschoolinfo.mest.go.kr/presch/preschSumry.do?pPresch=B100000819
4014,서초유치원,1165010303,127.0162145,37.4560926,843.2650024,http://e-childschoolinfo.mest.go.kr/presch/preschSumry.do?pPresch=B100005917
4015,석문유치원,1165010814,127.0183925,37.49200276,939.3107274,http://e-childschoolinfo.mest.go.kr/presch/preschSumry.do?pPresch=B100000819
4051,석문유치원,1165010841,127.0183925,37.49200276,861.462079,http://e-childschoolinfo.mest.go.kr/presch/preschSumry.do?pPresch=B100000819
4052,석문유치원,1165010842,127.0183925,37.49200276,518.6917709,http://e-childschoolinfo.mest.go.kr/presch/preschSumry.do?pPresch=B100000819
4084,양재천사유치원,1165010304,127.0311724,37.47435143,753.1061879,
4107,서초유치원,1165010310,127.0162145,37.4560926,876.199491,http://e-childschoolinfo.mest.go.kr/presch/preschSumry.do?pPresch=B100005917
4113,양재천사유치원,1165010301,127.0311724,37.47435143,745.1701815,
4114,석문유치원,1165010830,127.0183925,37.49200276,819.3116834,http://e-childschoolinfo.mest.go.kr/presch/preschSumry.do?pPresch=B100000819
4149,석문유치원,1165010846,127.0183925,37.49200276,692.7997921,http://e-childschoolinfo.mest.go.kr/presch/preschSumry.do?pPresch=B100000819
4164,석문유치원,1165010812,127.0183925,37.49200276,974.6943952,http://e-childschoolinfo.mest.go.kr/presch/preschSumry.do?pPresch=B100000819
4183,서초유치원,1165010306,127.0162145,37.4560926,876.8016912,http://e-childschoolinfo.mest.go.kr/presch/preschSumry.do?pPresch=B100005917
4204,석문유치원,1165010802,127.0183925,37.49200276,255.6686254,http://e-childschoolinfo.mest.go.kr/presch/preschSumry.do?pPresch=B100000819
4233,석문유치원,1165010834,127.0183925,37.49200276,808.1732619,http://e-childschoolinfo.mest.go.kr/presch/preschSumry.do?pPresch=B100000819
4238,석문유치원,1165010839,127.0183925,37.49200276,212.4826862,http://e-childschoolinfo.mest.go.kr/presch/preschSumry.do?pPresch=B100000819
4240,서초유치원,1165010305,127.0162145,37.4560926,878.1879968,http://e-childschoolinfo.mest.go.kr/presch/preschSumry.do?pPresch=B100005917
4248,석문유치원,1165010828,127.0183925,37.49200276,179.718319,http://e-childschoolinfo.mest.go.kr/presch/preschSumry.do?pPresch=B100000819
4249,석문유치원,1165010826,127.0183925,37.49200276,550.7372312,http://e-childschoolinfo.mest.go.kr/presch/preschSumry.do?pPresch=B100000819
4318,석문유치원,1165010824,127.0183925,37.49200276,735.8323488,http://e-childschoolinfo.mest.go.kr/presch/preschSumry.do?pPresch=B100000819
4341,석문유치원,1165010832,127.0183925,37.49200276,463.0396198,http://e-childschoolinfo.mest.go.kr/presch/preschSumry.do?pPresch=B100000819
4361,하나유치원,1165010636,127.0102659,37.51519733,827.0875595,http://e-childschoolinfo.mest.go.kr/presch/preschSumry.do?pPresch=B100004814
4362,신반포중앙유치원,1165010636,127.0125033,37.51044743,511.7183732,http://e-childschoolinfo.mest.go.kr/presch/preschSumry.do?pPresch=B100005341
4384,서초유치원,1165010312,127.0162145,37.4560926,208.6994581,http://e-childschoolinfo.mest.go.kr/presch/preschSumry.do?pPresch=B100005917
4392,석문유치원,1165010807,127.0183925,37.49200276,896.2419629,http://e-childschoolinfo.mest.go.kr/presch/preschSumry.do?pPresch=B100000819
4401,석문유치원,1165010840,127.0183925,37.49200276,887.9156347,http://e-childschoolinfo.mest.go.kr/presch/preschSumry.do?pPresch=B100000819
4413,석문유치원,1165010823,127.0183925,37.49200276,252.5912511,http://e-childschoolinfo.mest.go.kr/presch/preschSumry.do?pPresch=B100000819
4427,석문유치원,1165010829,127.0183925,37.49200276,894.4767438,http://e-childschoolinfo.mest.go.kr/presch/preschSumry.do?pPresch=B100000819
4455,석문유치원,1165010821,127.0183925,37.49200276,512.000878,http://e-childschoolinfo.mest.go.kr/presch/preschSumry.do?pPresch=B100000819
4460,석문유치원,1165010810,127.0183925,37.49200276,827.3479074,http://e-childschoolinfo.mest.go.kr/presch/preschSumry.do?pPresch=B100000819
4461,석문유치원,1165010825,127.0183925,37.49200276,527.4812611,http://e-childschoolinfo.mest.go.kr/presch/preschSumry.do?pPresch=B100000819
4473,석문유치원,1165010851,127.0183925,37.49200276,947.4753757,http://e-childschoolinfo.mest.go.kr/presch/preschSumry.do?pPresch=B100000819
4477,하나유치원,1165010637,127.0102659,37.51519733,622.4386883,http://e-childschoolinfo.mest.go.kr/presch/preschSumry.do?pPresch=B100004814
4478,신반포중앙유치원,1165010637,127.0125033,37.51044743,418.6110427,http://e-childschoolinfo.mest.go.kr/presch/preschSumry.do?pPresch=B100005341
4479,하나유치원,1165010608,127.0102659,37.51519733,780.9815217,http://e-childschoolinfo.mest.go.kr/presch/preschSumry.do?pPresch=B100004814
4480,세화유치원,1165010608,127.0223448,37.52149319,540.4252001,http://e-childschoolinfo.mest.go.kr/presch/preschSumry.do?pPresch=B100001125
4524,하나유치원,1165010609,127.0102659,37.51519733,649.99456,http://e-childschoolinfo.mest.go.kr/presch/preschSumry.do?pPresch=B100004814
4525,신반포중앙유치원,1165010609,127.0125033,37.51044743,986.362572,http://e-childschoolinfo.mest.go.kr/presch/preschSumry.do?pPresch=B100005341
4526,세화유치원,1165010609,127.0223448,37.52149319,632.831493,http://e-childschoolinfo.mest.go.kr/presch/preschSumry.do?pPresch=B100001125
4554,석문유치원,1165010817,127.0183925,37.49200276,750.7961822,http://e-childschoolinfo.mest.go.kr/presch/preschSumry.do?pPresch=B100000819
4567,석문유치원,1165010827,127.0183925,37.49200276,306.2272722,http://e-childschoolinfo.mest.go.kr/presch/preschSumry.do?pPresch=B100000819
4570,하나유치원,1165010605,127.0102659,37.51519733,806.353978,http://e-childschoolinfo.mest.go.kr/presch/preschSumry.do?pPresch=B100004814
4571,세화유치원,1165010605,127.0223448,37.52149319,635.5848505,http://e-childschoolinfo.mest.go.kr/presch/preschSumry.do?pPresch=B100001125
4598,하나유치원,1165010643,127.0102659,37.51519733,576.8094212,http://e-childschoolinfo.mest.go.kr/presch/preschSumry.do?pPresch=B100004814
4599,신반포중앙유치원,1165010643,127.0125033,37.51044743,967.8093152,http://e-childschoolinfo.mest.go.kr/presch/preschSumry.do?pPresch=B100005341
4600,세화유치원,1165010643,127.0223448,37.52149319,727.802115,http://e-childschoolinfo.mest.go.kr/presch/preschSumry.do?pPresch=B100001125
4604,하나유치원,1165010615,127.0102659,37.51519733,401.4905131,http://e-childschoolinfo.mest.go.kr/presch/preschSumry.do?pPresch=B100004814
4605,신반포중앙유치원,1165010615,127.0125033,37.51044743,661.2554812,http://e-childschoolinfo.mest.go.kr/presch/preschSumry.do?pPresch=B100005341
4606,세화유치원,1165010615,127.0223448,37.52149319,901.791607,http://e-childschoolinfo.mest.go.kr/presch/preschSumry.do?pPresch=B100001125
4607,신반포중앙유치원,1165010707,127.0125033,37.51044743,474.8347876,http://e-childschoolinfo.mest.go.kr/presch/preschSumry.do?pPresch=B100005341
4616,하나유치원,1165010602,127.0102659,37.51519733,352.4933698,http://e-childschoolinfo.mest.go.kr/presch/preschSumry.do?pPresch=B100004814
4617,신반포중앙유치원,1165010602,127.0125033,37.51044743,482.47433,http://e-childschoolinfo.mest.go.kr/presch/preschSumry.do?pPresch=B100005341
4620,하나유치원,1165010625,127.0102659,37.51519733,462.1946817,http://e-childschoolinfo.mest.go.kr/presch/preschSumry.do?pPresch=B100004814
4621,신반포중앙유치원,1165010625,127.0125033,37.51044743,851.1698954,http://e-childschoolinfo.mest.go.kr/presch/preschSumry.do?pPresch=B100005341
4622,세화유치원,1165010625,127.0223448,37.52149319,822.8521597,http://e-childschoolinfo.mest.go.kr/presch/preschSumry.do?pPresch=B100001125
4623,하나유치원,1165010623,127.0102659,37.51519733,745.7746611,http://e-childschoolinfo.mest.go.kr/presch/preschSumry.do?pPresch=B100004814
4624,신반포중앙유치원,1165010623,127.0125033,37.51044743,196.6844594,http://e-childschoolinfo.mest.go.kr/presch/preschSumry.do?pPresch=B100005341
4634,하나유치원,1165010619,127.0102659,37.51519733,605.2225573,http://e-childschoolinfo.mest.go.kr/presch/preschSumry.do?pPresch=B100004814
4635,신반포중앙유치원,1165010619,127.0125033,37.51044743,139.7056917,http://e-childschoolinfo.mest.go.kr/presch/preschSumry.do?pPresch=B100005341
4641,하나유치원,1165010613,127.0102659,37.51519733,439.1086992,http://e-childschoolinfo.mest.go.kr/presch/preschSumry.do?pPresch=B100004814
4642,신반포중앙유치원,1165010613,127.0125033,37.51044743,264.8148976,http://e-childschoolinfo.mest.go.kr/presch/preschSumry.do?pPresch=B100005341
4659,하나유치원,1165010616,127.0102659,37.51519733,368.4921941,http://e-childschoolinfo.mest.go.kr/presch/preschSumry.do?pPresch=B100004814
4660,신반포중앙유치원,1165010616,127.0125033,37.51044743,744.1204111,http://e-childschoolinfo.mest.go.kr/presch/preschSumry.do?pPresch=B100005341
4661,세화유치원,1165010616,127.0223448,37.52149319,907.3272674,http://e-childschoolinfo.mest.go.kr/presch/preschSumry.do?pPresch=B100001125
4662,하나유치원,1165010635,127.0102659,37.51519733,301.7686943,http://e-childschoolinfo.mest.go.kr/presch/preschSumry.do?pPresch=B100004814
4663,신반포중앙유치원,1165010635,127.0125033,37.51044743,590.9662527,http://e-childschoolinfo.mest.go.kr/presch/preschSumry.do?pPresch=B100005341
4666,신반포중앙유치원,1165010704,127.0125033,37.51044743,742.5040013,http://e-childschoolinfo.mest.go.kr/presch/preschSumry.do?pPresch=B100005341
4679,하나유치원,1165010620,127.0102659,37.51519733,598.0817546,http://e-childschoolinfo.mest.go.kr/presch/preschSumry.do?pPresch=B100004814
4680,세화유치원,1165010620,127.0223448,37.52149319,810.1719499,http://e-childschoolinfo.mest.go.kr/presch/preschSumry.do?pPresch=B100001125
4681,하나유치원,1165010614,127.0102659,37.51519733,671.1317011,http://e-childschoolinfo.mest.go.kr/presch/preschSumry.do?pPresch=B100004814
4682,신반포중앙유치원,1165010614,127.0125033,37.51044743,114.9297013,http://e-childschoolinfo.mest.go.kr/presch/preschSumry.do?pPresch=B100005341
4690,석문유치원,1165010844,127.0183925,37.49200276,821.7253284,http://e-childschoolinfo.mest.go.kr/presch/preschSumry.do?pPresch=B100000819
4691,서초유치원,1165010311,127.0162145,37.4560926,276.4324927,http://e-childschoolinfo.mest.go.kr/presch/preschSumry.do?pPresch=B100005917
4692,석문유치원,1165010833,127.0183925,37.49200276,782.5433861,http://e-childschoolinfo.mest.go.kr/presch/preschSumry.do?pPresch=B100000819
4722,하나유치원,1165010641,127.0102659,37.51519733,413.285997,http://e-childschoolinfo.mest.go.kr/presch/preschSumry.do?pPresch=B100004814
4723,신반포중앙유치원,1165010641,127.0125033,37.51044743,882.7266906,http://e-childschoolinfo.mest.go.kr/presch/preschSumry.do?pPresch=B100005341
4724,세화유치원,1165010641,127.0223448,37.52149319,922.9325867,http://e-childschoolinfo.mest.go.kr/presch/preschSumry.do?pPresch=B100001125
4725,하나유치원,1165010642,127.0102659,37.51519733,746.7041066,http://e-childschoolinfo.mest.go.kr/presch/preschSumry.do?pPresch=B100004814
4726,신반포중앙유치원,1165010642,127.0125033,37.51044743,191.2253436,http://e-childschoolinfo.mest.go.kr/presch/preschSumry.do?pPresch=B100005341
4738,하나유치원,1165010632,127.0102659,37.51519733,450.2148203,http://e-childschoolinfo.mest.go.kr/presch/preschSumry.do?pPresch=B100004814
4739,신반포중앙유치원,1165010632,127.0125033,37.51044743,115.8387218,http://e-childschoolinfo.mest.go.kr/presch/preschSumry.do?pPresch=B100005341
4740,하나유치원,1165010601,127.0102659,37.51519733,321.1310961,http://e-childschoolinfo.mest.go.kr/presch/preschSumry.do?pPresch=B100004814
4741,신반포중앙유치원,1165010601,127.0125033,37.51044743,793.5344608,http://e-childschoolinfo.mest.go.kr/presch/preschSumry.do?pPresch=B100005341
4742,세화유치원,1165010601,127.0223448,37.52149319,987.5752343,http://e-childschoolinfo.mest.go.kr/presch/preschSumry.do?pPresch=B100001125
4743,하나유치원,1165010603,127.0102659,37.51519733,183.9265517,http://e-childschoolinfo.mest.go.kr/presch/preschSumry.do?pPresch=B100004814
4744,신반포중앙유치원,1165010603,127.0125033,37.51044743,483.8265939,http://e-childschoolinfo.mest.go.kr/presch/preschSumry.do?pPresch=B100005341
4745,하나유치원,1165010607,127.0102659,37.51519733,183.9265517,http://e-childschoolinfo.mest.go.kr/presch/preschSumry.do?pPresch=B100004814
4746,신반포중앙유치원,1165010607,127.0125033,37.51044743,483.8265939,http://e-childschoolinfo.mest.go.kr/presch/preschSumry.do?pPresch=B100005341
4747,하나유치원,1165010622,127.0102659,37.51519733,590.3960643,http://e-childschoolinfo.mest.go.kr/presch/preschSumry.do?pPresch=B100004814
4748,신반포중앙유치원,1165010622,127.0125033,37.51044743,83.29809081,http://e-childschoolinfo.mest.go.kr/presch/preschSumry.do?pPresch=B100005341
4766,석문유치원,1165010831,127.0183925,37.49200276,933.5126148,http://e-childschoolinfo.mest.go.kr/presch/preschSumry.do?pPresch=B100000819
4771,하나유치원,1165010646,127.0102659,37.51519733,649.5743144,http://e-childschoolinfo.mest.go.kr/presch/preschSumry.do?pPresch=B100004814
4772,신반포중앙유치원,1165010646,127.0125033,37.51044743,147.7346897,http://e-childschoolinfo.mest.go.kr/presch/preschSumry.do?pPresch=B100005341
4773,신반포중앙유치원,1165010711,127.0125033,37.51044743,730.3509595,http://e-childschoolinfo.mest.go.kr/presch/preschSumry.do?pPresch=B100005341
4774,하나유치원,1165010606,127.0102659,37.51519733,363.9422039,http://e-childschoolinfo.mest.go.kr/presch/preschSumry.do?pPresch=B100004814
4775,신반포중앙유치원,1165010606,127.0125033,37.51044743,205.9115543,http://e-childschoolinfo.mest.go.kr/presch/preschSumry.do?pPresch=B100005341
4794,하나유치원,1165010639,127.0102659,37.51519733,104.8235795,http://e-childschoolinfo.mest.go.kr/presch/preschSumry.do?pPresch=B100004814
4795,신반포중앙유치원,1165010639,127.0125033,37.51044743,642.0218547,http://e-childschoolinfo.mest.go.kr/presch/preschSumry.do?pPresch=B100005341
4797,하나유치원,1165010633,127.0102659,37.51519733,446.552954,http://e-childschoolinfo.mest.go.kr/presch/preschSumry.do?pPresch=B100004814
4798,신반포중앙유치원,1165010633,127.0125033,37.51044743,196.1580221,http://e-childschoolinfo.mest.go.kr/presch/preschSumry.do?pPresch=B100005341
4836,하나유치원,1165010604,127.0102659,37.51519733,736.3131354,http://e-childschoolinfo.mest.go.kr/presch/preschSumry.do?pPresch=B100004814
4837,신반포중앙유치원,1165010604,127.0125033,37.51044743,293.4458259,http://e-childschoolinfo.mest.go.kr/presch/preschSumry.do?pPresch=B100005341
4838,하나유치원,1165010621,127.0102659,37.51519733,117.0934393,http://e-childschoolinfo.mest.go.kr/presch/preschSumry.do?pPresch=B100004814
4839,신반포중앙유치원,1165010621,127.0125033,37.51044743,460.6960477,http://e-childschoolinfo.mest.go.kr/presch/preschSumry.do?pPresch=B100005341
4843,하나유치원,1165010618,127.0102659,37.51519733,233.7758373,http://e-childschoolinfo.mest.go.kr/presch/preschSumry.do?pPresch=B100004814
4844,신반포중앙유치원,1165010618,127.0125033,37.51044743,789.5148427,http://e-childschoolinfo.mest.go.kr/presch/preschSumry.do?pPresch=B100005341
4855,육영유치원,1165010838,127.0004801,37.47919216,995.1777824,http://e-childschoolinfo.mest.go.kr/presch/preschSumry.do?pPresch=B100000840
4856,영유유치원,1165010838,127.0007427,37.4788147,999.3698021,http://e-childschoolinfo.mest.go.kr/presch/preschSumry.do?pPresch=B100000836
4864,하나유치원,1165010627,127.0102659,37.51519733,75.86245538,http://e-childschoolinfo.mest.go.kr/presch/preschSumry.do?pPresch=B100004814
4865,신반포중앙유치원,1165010627,127.0125033,37.51044743,635.7753829,http://e-childschoolinfo.mest.go.kr/presch/preschSumry.do?pPresch=B100005341
4874,하나유치원,1165010626,127.0102659,37.51519733,85.85710918,http://e-childschoolinfo.mest.go.kr/presch/preschSumry.do?pPresch=B100004814
4875,신반포중앙유치원,1165010626,127.0125033,37.51044743,569.195888,http://e-childschoolinfo.mest.go.kr/presch/preschSumry.do?pPresch=B100005341
4880,하나유치원,1165010645,127.0102659,37.51519733,218.4367242,http://e-childschoolinfo.mest.go.kr/presch/preschSumry.do?pPresch=B100004814
4881,신반포중앙유치원,1165010645,127.0125033,37.51044743,446.1005774,http://e-childschoolinfo.mest.go.kr/presch/preschSumry.do?pPresch=B100005341
4888,석문유치원,1165010850,127.0183925,37.49200276,877.8263436,http://e-childschoolinfo.mest.go.kr/presch/preschSumry.do?pPresch=B100000819
4889,하나유치원,1165010634,127.0102659,37.51519733,211.0346424,http://e-childschoolinfo.mest.go.kr/presch/preschSumry.do?pPresch=B100004814
4890,신반포중앙유치원,1165010634,127.0125033,37.51044743,547.0628489,http://e-childschoolinfo.mest.go.kr/presch/preschSumry.do?pPresch=B100005341
4896,하나유치원,1165010631,127.0102659,37.51519733,377.8307956,http://e-childschoolinfo.mest.go.kr/presch/preschSumry.do?pPresch=B100004814
4897,신반포중앙유치원,1165010631,127.0125033,37.51044743,455.5162881,http://e-childschoolinfo.mest.go.kr/presch/preschSumry.do?pPresch=B100005341
4900,하나유치원,1165010640,127.0102659,37.51519733,299.840067,http://e-childschoolinfo.mest.go.kr/presch/preschSumry.do?pPresch=B100004814
4901,신반포중앙유치원,1165010640,127.0125033,37.51044743,518.7897174,http://e-childschoolinfo.mest.go.kr/presch/preschSumry.do?pPresch=B100005341
4913,신반포중앙유치원,1165010706,127.0125033,37.51044743,997.9510496,http://e-childschoolinfo.mest.go.kr/presch/preschSumry.do?pPresch=B100005341
4916,육영유치원,1165010820,127.0004801,37.47919216,600.1882369,http://e-childschoolinfo.mest.go.kr/presch/preschSumry.do?pPresch=B100000840
4917,영유유치원,1165010820,127.0007427,37.4788147,582.1571024,http://e-childschoolinfo.mest.go.kr/presch/preschSumry.do?pPresch=B100000836
4918,새성민유치원,1165010820,126.9961044,37.48066984,991.6067045,http://e-childschoolinfo.mest.go.kr/presch/preschSumry.do?pPresch=B100000812
4924,하나유치원,1165010624,127.0102659,37.51519733,492.0556252,http://e-childschoolinfo.mest.go.kr/presch/preschSumry.do?pPresch=B100004814
4925,신반포중앙유치원,1165010624,127.0125033,37.51044743,482.1030918,http://e-childschoolinfo.mest.go.kr/presch/preschSumry.do?pPresch=B100005341
4926,육영유치원,1165010818,127.0004801,37.47919216,590.8257203,http://e-childschoolinfo.mest.go.kr/presch/preschSumry.do?pPresch=B100000840
4927,영유유치원,1165010818,127.0007427,37.4788147,586.112394,http://e-childschoolinfo.mest.go.kr/presch/preschSumry.do?pPresch=B100000836
4928,새성민유치원,1165010818,126.9961044,37.48066984,939.5452906,http://e-childschoolinfo.mest.go.kr/presch/preschSumry.do?pPresch=B100000812
4929,하나유치원,1165010644,127.0102659,37.51519733,599.4503896,http://e-childschoolinfo.mest.go.kr/presch/preschSumry.do?pPresch=B100004814
4930,신반포중앙유치원,1165010644,127.0125033,37.51044743,533.9830738,http://e-childschoolinfo.mest.go.kr/presch/preschSumry.do?pPresch=B100005341
4931,하나유치원,1165010612,127.0102659,37.51519733,530.9933419,http://e-childschoolinfo.mest.go.kr/presch/preschSumry.do?pPresch=B100004814
4932,신반포중앙유치원,1165010612,127.0125033,37.51044743,582.0130346,http://e-childschoolinfo.mest.go.kr/presch/preschSumry.do?pPresch=B100005341
4933,하나유치원,1165010611,127.0102659,37.51519733,618.2351409,http://e-childschoolinfo.mest.go.kr/presch/preschSumry.do?pPresch=B100004814
4934,신반포중앙유치원,1165010611,127.0125033,37.51044743,579.5649826,http://e-childschoolinfo.mest.go.kr/presch/preschSumry.do?pPresch=B100005341
4935,영생유치원,1165010629,126.9956694,37.50500467,962.723295,http://e-childschoolinfo.mest.go.kr/presch/preschSumry.do?pPresch=B100005347
4936,하나유치원,1165010629,127.0102659,37.51519733,870.3239782,http://e-childschoolinfo.mest.go.kr/presch/preschSumry.do?pPresch=B100004814
4937,신반포중앙유치원,1165010629,127.0125033,37.51044743,643.0426643,http://e-childschoolinfo.mest.go.kr/presch/preschSumry.do?pPresch=B100005341
4938,육영유치원,1165010112,127.0004801,37.47919216,451.1557418,http://e-childschoolinfo.mest.go.kr/presch/preschSumry.do?pPresch=B100000840
4939,영유유치원,1165010112,127.0007427,37.4788147,414.1695693,http://e-childschoolinfo.mest.go.kr/presch/preschSumry.do?pPresch=B100000836
4940,새성민유치원,1165010112,126.9961044,37.48066984,871.327859,http://e-childschoolinfo.mest.go.kr/presch/preschSumry.do?pPresch=B100000812
4941,육영유치원,1165010132,127.0004801,37.47919216,438.8925005,http://e-childschoolinfo.mest.go.kr/presch/preschSumry.do?pPresch=B100000840
4942,영유유치원,1165010132,127.0007427,37.4788147,437.0841604,http://e-childschoolinfo.mest.go.kr/presch/preschSumry.do?pPresch=B100000836
4943,새성민유치원,1165010132,126.9961044,37.48066984,788.8137685,http://e-childschoolinfo.mest.go.kr/presch/preschSumry.do?pPresch=B100000812
4944,영생유치원,1165010638,126.9956694,37.50500467,983.7994511,http://e-childschoolinfo.mest.go.kr/presch/preschSumry.do?pPresch=B100005347
4945,하나유치원,1165010638,127.0102659,37.51519733,746.4157532,http://e-childschoolinfo.mest.go.kr/presch/preschSumry.do?pPresch=B100004814
4946,신반포중앙유치원,1165010638,127.0125033,37.51044743,680.6949609,http://e-childschoolinfo.mest.go.kr/presch/preschSumry.do?pPresch=B100005341
4954,영생유치원,1165010610,126.9956694,37.50500467,694.6245101,http://e-childschoolinfo.mest.go.kr/presch/preschSumry.do?pPresch=B100005347
4955,신반포중앙유치원,1165010610,127.0125033,37.51044743,911.3382266,http://e-childschoolinfo.mest.go.kr/presch/preschSumry.do?pPresch=B100005341
4956,육영유치원,1165010134,127.0004801,37.47919216,301.9146128,http://e-childschoolinfo.mest.go.kr/presch/preschSumry.do?pPresch=B100000840
4957,영유유치원,1165010134,127.0007427,37.4788147,254.6042831,http://e-childschoolinfo.mest.go.kr/presch/preschSumry.do?pPresch=B100000836
4958,새성민유치원,1165010134,126.9961044,37.48066984,698.342028,http://e-childschoolinfo.mest.go.kr/presch/preschSumry.do?pPresch=B100000812
4963,영생유치원,1165010628,126.9956694,37.50500467,834.6908406,http://e-childschoolinfo.mest.go.kr/presch/preschSumry.do?pPresch=B100005347
4964,하나유치원,1165010628,127.0102659,37.51519733,884.3039423,http://e-childschoolinfo.mest.go.kr/presch/preschSumry.do?pPresch=B100004814
4965,신반포중앙유치원,1165010628,127.0125033,37.51044743,897.6285633,http://e-childschoolinfo.mest.go.kr/presch/preschSumry.do?pPresch=B100005341
4966,영생유치원,1165010617,126.9956694,37.50500467,724.9972483,http://e-childschoolinfo.mest.go.kr/presch/preschSumry.do?pPresch=B100005347
4967,하나유치원,1165010617,127.0102659,37.51519733,996.7531079,http://e-childschoolinfo.mest.go.kr/presch/preschSumry.do?pPresch=B100004814
4968,신반포중앙유치원,1165010617,127.0125033,37.51044743,916.1054952,http://e-childschoolinfo.mest.go.kr/presch/preschSumry.do?pPresch=B100005341
4969,육영유치원,1165010135,127.0004801,37.47919216,412.2764797,http://e-childschoolinfo.mest.go.kr/presch/preschSumry.do?pPresch=B100000840
4970,영유유치원,1165010135,127.0007427,37.4788147,364.8251543,http://e-childschoolinfo.mest.go.kr/presch/preschSumry.do?pPresch=B100000836
4971,새성민유치원,1165010135,126.9961044,37.48066984,768.3481218,http://e-childschoolinfo.mest.go.kr/presch/preschSumry.do?pPresch=B100000812
4972,영생유치원,1165010719,126.9956694,37.50500467,763.6326647,http://e-childschoolinfo.mest.go.kr/presch/preschSumry.do?pPresch=B100005347
4977,육영유치원,1165010101,127.0004801,37.47919216,115.1716537,http://e-childschoolinfo.mest.go.kr/presch/preschSumry.do?pPresch=B100000840
4978,영유유치원,1165010101,127.0007427,37.4788147,79.21612365,http://e-childschoolinfo.mest.go.kr/presch/preschSumry.do?pPresch=B100000836
4979,새성민유치원,1165010101,126.9961044,37.48066984,534.9630619,http://e-childschoolinfo.mest.go.kr/presch/preschSumry.do?pPresch=B100000812
4980,영생유치원,1165010630,126.9956694,37.50500467,568.2969834,http://e-childschoolinfo.mest.go.kr/presch/preschSumry.do?pPresch=B100005347
4981,육영유치원,1165010103,127.0004801,37.47919216,232.4643323,http://e-childschoolinfo.mest.go.kr/presch/preschSumry.do?pPresch=B100000840
4982,영유유치원,1165010103,127.0007427,37.4788147,266.2021372,http://e-childschoolinfo.mest.go.kr/presch/preschSumry.do?pPresch=B100000836
4983,새성민유치원,1165010103,126.9961044,37.48066984,470.4524547,http://e-childschoolinfo.mest.go.kr/presch/preschSumry.do?pPresch=B100000812
4988,반포초등학교병설유치원,1165010718,126.9910093,37.50314591,983.3969453,
4989,영생유치원,1165010718,126.9956694,37.50500467,804.659924,http://e-childschoolinfo.mest.go.kr/presch/preschSumry.do?pPresch=B100005347
4990,반포초등학교병설유치원,1165010715,126.9910093,37.50314591,912.9498645,
4991,영생유치원,1165010715,126.9956694,37.50500467,690.4792642,http://e-childschoolinfo.mest.go.kr/presch/preschSumry.do?pPresch=B100005347
5001,육영유치원,1165010108,127.0004801,37.47919216,322.1333052,http://e-childschoolinfo.mest.go.kr/presch/preschSumry.do?pPresch=B100000840
5002,영유유치원,1165010108,127.0007427,37.4788147,288.6074578,http://e-childschoolinfo.mest.go.kr/presch/preschSumry.do?pPresch=B100000836
5003,새성민유치원,1165010108,126.9961044,37.48066984,570.2428935,http://e-childschoolinfo.mest.go.kr/presch/preschSumry.do?pPresch=B100000812
5007,육영유치원,1165010123,127.0004801,37.47919216,802.2124166,http://e-childschoolinfo.mest.go.kr/presch/preschSumry.do?pPresch=B100000840
5008,영유유치원,1165010123,127.0007427,37.4788147,847.4429837,http://e-childschoolinfo.mest.go.kr/presch/preschSumry.do?pPresch=B100000836
5009,새성민유치원,1165010123,126.9961044,37.48066984,678.4411848,http://e-childschoolinfo.mest.go.kr/presch/preschSumry.do?pPresch=B100000812
5010,새순유치원,1165010123,126.9884834,37.48864117,965.7883839,http://e-childschoolinfo.mest.go.kr/presch/preschSumry.do?pPresch=B100000813
5011,반포초등학교병설유치원,1165010703,126.9910093,37.50314591,813.240893,
5012,영생유치원,1165010703,126.9956694,37.50500467,354.4583428,http://e-childschoolinfo.mest.go.kr/presch/preschSumry.do?pPresch=B100005347
5013,육영유치원,1165010106,127.0004801,37.47919216,949.0159041,http://e-childschoolinfo.mest.go.kr/presch/preschSumry.do?pPresch=B100000840
5014,영유유치원,1165010106,127.0007427,37.4788147,994.0207435,http://e-childschoolinfo.mest.go.kr/presch/preschSumry.do?pPresch=B100000836
5015,새성민유치원,1165010106,126.9961044,37.48066984,812.5763389,http://e-childschoolinfo.mest.go.kr/presch/preschSumry.do?pPresch=B100000812
5016,새순유치원,1165010106,126.9884834,37.48864117,926.0167453,http://e-childschoolinfo.mest.go.kr/presch/preschSumry.do?pPresch=B100000813
5017,육영유치원,1165010102,127.0004801,37.47919216,221.0446903,http://e-childschoolinfo.mest.go.kr/presch/preschSumry.do?pPresch=B100000840
5018,영유유치원,1165010102,127.0007427,37.4788147,208.8104608,http://e-childschoolinfo.mest.go.kr/presch/preschSumry.do?pPresch=B100000836
5019,새성민유치원,1165010102,126.9961044,37.48066984,413.1677121,http://e-childschoolinfo.mest.go.kr/presch/preschSumry.do?pPresch=B100000812
5020,반포초등학교병설유치원,1165010702,126.9910093,37.50314591,661.1811927,
5021,영생유치원,1165010702,126.9956694,37.50500467,347.4916698,http://e-childschoolinfo.mest.go.kr/presch/preschSumry.do?pPresch=B100005347
5022,육영유치원,1165010118,127.0004801,37.47919216,556.7928218,http://e-childschoolinfo.mest.go.kr/presch/preschSumry.do?pPresch=B100000840
5023,영유유치원,1165010118,127.0007427,37.4788147,604.0955894,http://e-childschoolinfo.mest.go.kr/presch/preschSumry.do?pPresch=B100000836
5024,새성민유치원,1165010118,126.9961044,37.48066984,411.6416874,http://e-childschoolinfo.mest.go.kr/presch/preschSumry.do?pPresch=B100000812
5025,반포초등학교병설유치원,1165010713,126.9910093,37.50314591,664.126861,
5026,영생유치원,1165010713,126.9956694,37.50500467,229.773101,http://e-childschoolinfo.mest.go.kr/presch/preschSumry.do?pPresch=B100005347
5029,반포초등학교병설유치원,1165010714,126.9910093,37.50314591,688.6112305,
5030,영생유치원,1165010714,126.9956694,37.50500467,247.9014765,http://e-childschoolinfo.mest.go.kr/presch/preschSumry.do?pPresch=B100005347
5031,반포초등학교병설유치원,1165010710,126.9910093,37.50314591,560.180573,
5032,영생유치원,1165010710,126.9956694,37.50500467,453.8891475,http://e-childschoolinfo.mest.go.kr/presch/preschSumry.do?pPresch=B100005347
5033,반포초등학교병설유치원,1165010709,126.9910093,37.50314591,488.6687146,
5034,영생유치원,1165010709,126.9956694,37.50500467,150.0258497,http://e-childschoolinfo.mest.go.kr/presch/preschSumry.do?pPresch=B100005347
5039,육영유치원,1165010121,127.0004801,37.47919216,631.7337319,http://e-childschoolinfo.mest.go.kr/presch/preschSumry.do?pPresch=B100000840
5040,영유유치원,1165010121,127.0007427,37.4788147,677.4182782,http://e-childschoolinfo.mest.go.kr/presch/preschSumry.do?pPresch=B100000836
5041,새성민유치원,1165010121,126.9961044,37.48066984,276.8414895,http://e-childschoolinfo.mest.go.kr/presch/preschSumry.do?pPresch=B100000812
5042,새순유치원,1165010121,126.9884834,37.48864117,860.0611639,http://e-childschoolinfo.mest.go.kr/presch/preschSumry.do?pPresch=B100000813
5043,육영유치원,1165010117,127.0004801,37.47919216,966.8982314,http://e-childschoolinfo.mest.go.kr/presch/preschSumry.do?pPresch=B100000840
5044,새성민유치원,1165010117,126.9961044,37.48066984,682.2470283,http://e-childschoolinfo.mest.go.kr/presch/preschSumry.do?pPresch=B100000812
5045,새순유치원,1165010117,126.9884834,37.48864117,617.877377,http://e-childschoolinfo.mest.go.kr/presch/preschSumry.do?pPresch=B100000813
5047,새순유치원,1165010114,126.9884834,37.48864117,574.3933583,http://e-childschoolinfo.mest.go.kr/presch/preschSumry.do?pPresch=B100000813
5048,반포초등학교병설유치원,1165010716,126.9910093,37.50314591,427.8119935,
5049,영생유치원,1165010716,126.9956694,37.50500467,206.9754743,http://e-childschoolinfo.mest.go.kr/presch/preschSumry.do?pPresch=B100005347
5050,육영유치원,1165010104,127.0004801,37.47919216,592.2451288,http://e-childschoolinfo.mest.go.kr/presch/preschSumry.do?pPresch=B100000840
5051,영유유치원,1165010104,127.0007427,37.4788147,619.9372894,http://e-childschoolinfo.mest.go.kr/presch/preschSumry.do?pPresch=B100000836
5052,새성민유치원,1165010104,126.9961044,37.48066984,235.2537965,http://e-childschoolinfo.mest.go.kr/presch/preschSumry.do?pPresch=B100000812
5053,반포초등학교병설유치원,1165010712,126.9910093,37.50314591,234.5879712,
5054,영생유치원,1165010712,126.9956694,37.50500467,231.3996662,http://e-childschoolinfo.mest.go.kr/presch/preschSumry.do?pPresch=B100005347
5056,육영유치원,1165010116,127.0004801,37.47919216,895.287638,http://e-childschoolinfo.mest.go.kr/presch/preschSumry.do?pPresch=B100000840
5057,영유유치원,1165010116,127.0007427,37.4788147,937.329713,http://e-childschoolinfo.mest.go.kr/presch/preschSumry.do?pPresch=B100000836
5058,새성민유치원,1165010116,126.9961044,37.48066984,484.1437106,http://e-childschoolinfo.mest.go.kr/presch/preschSumry.do?pPresch=B100000812
5059,새순유치원,1165010116,126.9884834,37.48864117,650.8537227,http://e-childschoolinfo.mest.go.kr/presch/preschSumry.do?pPresch=B100000813
5060,새순유치원,1165010107,126.9884834,37.48864117,688.3887963,http://e-childschoolinfo.mest.go.kr/presch/preschSumry.do?pPresch=B100000813
5061,반포초등학교병설유치원,1165010107,126.9910093,37.50314591,983.9414518,
5062,육영유치원,1165010113,127.0004801,37.47919216,959.8033384,http://e-childschoolinfo.mest.go.kr/presch/preschSumry.do?pPresch=B100000840
5063,영유유치원,1165010113,127.0007427,37.4788147,958.9291789,http://e-childschoolinfo.mest.go.kr/presch/preschSumry.do?pPresch=B100000836
5064,새성민유치원,1165010113,126.9961044,37.48066984,792.9601234,http://e-childschoolinfo.mest.go.kr/presch/preschSumry.do?pPresch=B100000812
5067,새순유치원,1165010131,126.9884834,37.48864117,954.9850226,http://e-childschoolinfo.mest.go.kr/presch/preschSumry.do?pPresch=B100000813
5068,반포초등학교병설유치원,1165010131,126.9910093,37.50314591,670.07614,
5070,하랑유치원,1165010124,126.9790064,37.48832935,959.1602556,
5071,새순유치원,1165010124,126.9884834,37.48864117,289.9915671,http://e-childschoolinfo.mest.go.kr/presch/preschSumry.do?pPresch=B100000813
5073,새순유치원,1165010136,126.9884834,37.48864117,721.0596249,http://e-childschoolinfo.mest.go.kr/presch/preschSumry.do?pPresch=B100000813
5074,반포초등학교병설유치원,1165010136,126.9910093,37.50314591,917.8540691,
5075,반포초등학교병설유치원,1165010110,126.9910093,37.50314591,661.3689946,
5078,하랑유치원,1165010133,126.9790064,37.48832935,955.1116007,
5079,새순유치원,1165010133,126.9884834,37.48864117,562.9580662,http://e-childschoolinfo.mest.go.kr/presch/preschSumry.do?pPresch=B100000813
5080,새순유치원,1165010128,126.9884834,37.48864117,734.4253766,http://e-childschoolinfo.mest.go.kr/presch/preschSumry.do?pPresch=B100000813
5081,반포초등학교병설유치원,1165010128,126.9910093,37.50314591,933.5968469,
5082,새순유치원,1165010129,126.9884834,37.48864117,874.161545,http://e-childschoolinfo.mest.go.kr/presch/preschSumry.do?pPresch=B100000813
5083,반포초등학교병설유치원,1165010129,126.9910093,37.50314591,805.6239213,
5084,새순유치원,1165010130,126.9884834,37.48864117,983.6507497,http://e-childschoolinfo.mest.go.kr/presch/preschSumry.do?pPresch=B100000813
5085,반포초등학교병설유치원,1165010130,126.9910093,37.50314591,732.5554606,
5086,반포초등학교병설유치원,1165010708,126.9910093,37.50314591,546.0579466,
5087,반포초등학교병설유치원,1165010120,126.9910093,37.50314591,810.0791352,
5088,하랑유치원,1165010119,126.9790064,37.48832935,629.6824378,
5089,새순유치원,1165010119,126.9884834,37.48864117,459.9942456,http://e-childschoolinfo.mest.go.kr/presch/preschSumry.do?pPresch=B100000813
5090,새순유치원,1165010105,126.9884834,37.48864117,965.6223496,http://e-childschoolinfo.mest.go.kr/presch/preschSumry.do?pPresch=B100000813
5091,반포초등학교병설유치원,1165010105,126.9910093,37.50314591,903.6312198,
5092,하랑유치원,1165010109,126.9790064,37.48832935,541.1894031,
5093,새순유치원,1165010109,126.9884834,37.48864117,467.5147452,http://e-childschoolinfo.mest.go.kr/presch/preschSumry.do?pPresch=B100000813
5094,동그라미유치원,1165010109,126.9793694,37.48165188,653.6465417,http://e-childschoolinfo.mest.go.kr/presch/preschSumry.do?pPresch=B100001624
5095,하랑유치원,1165010115,126.9790064,37.48832935,704.5115892,
5096,새순유치원,1165010115,126.9884834,37.48864117,672.566716,http://e-childschoolinfo.mest.go.kr/presch/preschSumry.do?pPresch=B100000813
5097,동그라미유치원,1165010115,126.9793694,37.48165188,485.2680928,http://e-childschoolinfo.mest.go.kr/presch/preschSumry.do?pPresch=B100001624
5098,하랑유치원,1165010126,126.9790064,37.48832935,475.0761832,
5099,새순유치원,1165010126,126.9884834,37.48864117,434.1098978,http://e-childschoolinfo.mest.go.kr/presch/preschSumry.do?pPresch=B100000813
5100,하랑유치원,1165010125,126.9790064,37.48832935,434.0905402,
5101,새순유치원,1165010125,126.9884834,37.48864117,404.4501674,http://e-childschoolinfo.mest.go.kr/presch/preschSumry.do?pPresch=B100000813
5102,동그라미유치원,1165010125,126.9793694,37.48165188,857.3634116,http://e-childschoolinfo.mest.go.kr/presch/preschSumry.do?pPresch=B100001624
5103,하랑유치원,1165010127,126.9790064,37.48832935,544.736541,
5104,새순유치원,1165010127,126.9884834,37.48864117,525.96813,http://e-childschoolinfo.mest.go.kr/presch/preschSumry.do?pPresch=B100000813
5108,새싹유치원,1165010122,126.9728591,37.47456536,885.2501275,http://e-childschoolinfo.moe.go.kr/presch/preschSumry.do?pPresch=B100001641
5109,동그라미유치원,1165010122,126.9793694,37.48165188,879.1118913,http://e-childschoolinfo.mest.go.kr/presch/preschSumry.do?pPresch=B100001624